Domain Code,Domain,Area Code (M49),Area,Element Code,Element,Item Code (CPC),Item,Year Code,Year,Unit,Value,Flag,Flag Description,Note
"QCL","Crops and livestock products","356","India","5312","Area harvested","0111","Wheat","1961","1961","ha","12927000","A","Official value",""
"QCL","Crops and livestock products","356","India","5412","Yield","0111","Wheat","1961","1961","kg/ha","850.7","A","Official value",""
"QCL","Crops and livestock products","356","India","5510","Production","0111","Wheat","1961","1961","t","10997000","A","Official value",""
"QCL","Crops and livestock products","356","India","5312","Area harvested","0111","Wheat","1962","1962","ha","13570000","A","Official value",""
"QCL","Crops and livestock products","356","India","5412","Yield","0111","Wheat","1962","1962","kg/ha","889.6","A","Official value",""
"QCL","Crops and livestock products","356","India","5510","Production","0111","Wheat","1962","1962","t","12072000","A","Official value",""
"QCL","Crops and livestock products","356","India","5312","Area harvested","0111","Wheat","1963","1963","ha","13590000","A","Official value",""
"QCL","Crops and livestock products","356","India","5412","Yield","0111","Wheat","1963","1963","kg/ha","792.9","A","Official value",""
"QCL","Crops and livestock products","356","India","5510","Production","0111","Wheat","1963","1963","t","10776000","A","Official value",""
"QCL","Crops and livestock products","356","India","5312","Area harvested","0111","Wheat","1964","1964","ha","13499000","A","Official value",""
"QCL","Crops and livestock products","356","India","5412","Yield","0111","Wheat","1964","1964","kg/ha","729.9","A","Official value",""
"QCL","Crops and livestock products","356","India","5510","Production","0111","Wheat","1964","1964","t","9853000","A","Official value",""
"QCL","Crops and livestock products","356","India","5312","Area harvested","0111","Wheat","1965","1965","ha","13422000","A","Official value",""
"QCL","Crops and livestock products","356","India","5412","Yield","0111","Wheat","1965","1965","kg/ha","913.2","A","Official value",""
"QCL","Crops and livestock products","356","India","5510","Production","0111","Wheat","1965","1965","t","12257000","A","Official value",""
"QCL","Crops and livestock products","356","India","5312","Area harvested","0111","Wheat","1966","1966","ha","12572000","A","Official value",""
"QCL","Crops and livestock products","356","India","5412","Yield","0111","Wheat","1966","1966","kg/ha","826.8","A","Official value",""
"QCL","Crops and livestock products","356","India","5510","Production","0111","Wheat","1966","1966","t","10394000","A","Official value",""
"QCL","Crops and livestock products","356","India","5312","Area harvested","0111","Wheat","1967","1967","ha","12838000","A","Official value",""
"QCL","Crops and livestock products","356","India","5412","Yield","0111","Wheat","1967","1967","kg/ha","887.4","A","Official value",""
"QCL","Crops and livestock products","356","India","5510","Production","0111","Wheat","1967","1967","t","11393000","A","Official value",""
"QCL","Crops and livestock products","356","India","5312","Area harvested","0111","Wheat","1968","1968","ha","14998200","A","Official value",""
"QCL","Crops and livestock products","356","India","5412","Yield","0111","Wheat","1968","1968","kg/ha","1102.8","A","Official value",""
"QCL","Crops and livestock products","356","India","5510","Production","0111","Wheat","1968","1968","t","16540100","A","Official value",""
"QCL","Crops and livestock products","356","India","5312","Area harvested","0111","Wheat","1969","1969","ha","15958100","A","Official value",""
"QCL","Crops and livestock products","356","India","5412","Yield","0111","Wheat","1969","1969","kg/ha","1168.8","A","Official value",""
"QCL","Crops and livestock products","356","India","5510","Production","0111","Wheat","1969","1969","t","18651600","A","Official value",""
"QCL","Crops and livestock products","356","India","5312","Area harvested","0111","Wheat","1970","1970","ha","16625500","A","Official value",""
"QCL","Crops and livestock products","356","India","5412","Yield","0111","Wheat","1970","1970","kg/ha","1208.6","A","Official value",""
"QCL","Crops and livestock products","356","India","5510","Production","0111","Wheat","1970","1970","t","20093296","A","Official value",""
"QCL","Crops and livestock products","356","India","5312","Area harvested","0111","Wheat","1971","1971","ha","18240496","A","Official value",""
"QCL","Crops and livestock products","356","India","5412","Yield","0111","Wheat","1971","1971","kg/ha","1306.6","A","Official value",""
"QCL","Crops and livestock products","356","India","5510","Production","0111","Wheat","1971","1971","t","23832496","A","Official value",""
"QCL","Crops and livestock products","356","India","5312","Area harvested","0111","Wheat","1972","1972","ha","19138896","A","Official value",""
"QCL","Crops and livestock products","356","India","5412","Yield","0111","Wheat","1972","1972","kg/ha","1379.9","A","Official value",""
"QCL","Crops and livestock products","356","India","5510","Production","0111","Wheat","1972","1972","t","26409904","A","Official value",""
"QCL","Crops and livestock products","356","India","5312","Area harvested","0111","Wheat","1973","1973","ha","19463600","A","Official value",""
"QCL","Crops and livestock products","356","India","5412","Yield","0111","Wheat","1973","1973","kg/ha","1270.8","A","Official value",""
"QCL","Crops and livestock products","356","India","5510","Production","0111","Wheat","1973","1973","t","24734608","A","Official value",""
"QCL","Crops and livestock products","356","India","5312","Area harvested","0111","Wheat","1974","1974","ha","18583008","A","Official value",""
"QCL","Crops and livestock products","356","India","5412","Yield","0111","Wheat","1974","1974","kg/ha","1171.9","A","Official value",""
"QCL","Crops and livestock products","356","India","5510","Production","0111","Wheat","1974","1974","t","21778000","A","Official value",""
"QCL","Crops and livestock products","356","India","5312","Area harvested","0111","Wheat","1975","1975","ha","18010304","A","Official value",""
"QCL","Crops and livestock products","356","India","5412","Yield","0111","Wheat","1975","1975","kg/ha","1338.4","A","Official value",""
"QCL","Crops and livestock products","356","India","5510","Production","0111","Wheat","1975","1975","t","24104400","A","Official value",""
"QCL","Crops and livestock products","356","India","5312","Area harvested","0111","Wheat","1976","1976","ha","20453808","A","Official value",""
"QCL","Crops and livestock products","356","India","5412","Yield","0111","Wheat","1976","1976","kg/ha","1410.3","A","Official value",""
"QCL","Crops and livestock products","356","India","5510","Production","0111","Wheat","1976","1976","t","28846304","A","Official value",""
"QCL","Crops and livestock products","356","India","5312","Area harvested","0111","Wheat","1977","1977","ha","20921504","A","Official value",""
"QCL","Crops and livestock products","356","India","5412","Yield","0111","Wheat","1977","1977","kg/ha","1386.6","A","Official value",""
"QCL","Crops and livestock products","356","India","5510","Production","0111","Wheat","1977","1977","t","29009904","A","Official value",""
"QCL","Crops and livestock products","356","India","5312","Area harvested","0111","Wheat","1978","1978","ha","21455696","A","Official value",""
"QCL","Crops and livestock products","356","India","5412","Yield","0111","Wheat","1978","1978","kg/ha","1479.8","A","Official value",""
"QCL","Crops and livestock products","356","India","5510","Production","0111","Wheat","1978","1978","t","31749200","A","Official value",""
"QCL","Crops and livestock products","356","India","5312","Area harvested","0111","Wheat","1979","1979","ha","22641200","A","Official value",""
"QCL","Crops and livestock products","356","India","5412","Yield","0111","Wheat","1979","1979","kg/ha","1568.3","A","Official value",""
"QCL","Crops and livestock products","356","India","5510","Production","0111","Wheat","1979","1979","t","35507808","A","Official value",""
"QCL","Crops and livestock products","356","India","5312","Area harvested","0111","Wheat","1980","1980","ha","22171696","A","Official value",""
"QCL","Crops and livestock products","356","India","5412","Yield","0111","Wheat","1980","1980","kg/ha","1435.6","A","Official value",""
"QCL","Crops and livestock products","356","India","5510","Production","0111","Wheat","1980","1980","t","31830000","A","Official value",""
"QCL","Crops and livestock products","356","India","5312","Area harvested","0111","Wheat","1981","1981","ha","22278800","A","Official value",""
"QCL","Crops and livestock products","356","India","5412","Yield","0111","Wheat","1981","1981","kg/ha","1629.9","A","Official value",""
"QCL","Crops and livestock products","356","India","5510","Production","0111","Wheat","1981","1981","t","36312608","A","Official value",""
"QCL","Crops and livestock products","356","India","5312","Area harvested","0111","Wheat","1982","1982","ha","22144400","A","Official value",""
"QCL","Crops and livestock products","356","India","5412","Yield","0111","Wheat","1982","1982","kg/ha","1691.3","A","Official value",""
"QCL","Crops and livestock products","356","India","5510","Production","0111","Wheat","1982","1982","t","37451808","A","Official value",""
"QCL","Crops and livestock products","356","India","5312","Area harvested","0111","Wheat","1983","1983","ha","23567408","A","Official value",""
"QCL","Crops and livestock products","356","India","5412","Yield","0111","Wheat","1983","1983","kg/ha","1815.8","A","Official value",""
"QCL","Crops and livestock products","356","India","5510","Production","0111","Wheat","1983","1983","t","42793904","A","Official value",""
"QCL","Crops and livestock products","356","India","5312","Area harvested","0111","Wheat","1984","1984","ha","24672000","A","Official value",""
"QCL","Crops and livestock products","356","India","5412","Yield","0111","Wheat","1984","1984","kg/ha","1843.2","A","Official value",""
"QCL","Crops and livestock products","356","India","5510","Production","0111","Wheat","1984","1984","t","45476000","A","Official value",""
"QCL","Crops and livestock products","356","India","5312","Area harvested","0111","Wheat","1985","1985","ha","23564896","A","Official value",""
"QCL","Crops and livestock products","356","India","5412","Yield","0111","Wheat","1985","1985","kg/ha","1870.1","A","Official value",""
"QCL","Crops and livestock products","356","India","5510","Production","0111","Wheat","1985","1985","t","44068800","A","Official value",""
"QCL","Crops and livestock products","356","India","5312","Area harvested","0111","Wheat","1986","1986","ha","22997408","A","Official value",""
"QCL","Crops and livestock products","356","India","5412","Yield","0111","Wheat","1986","1986","kg/ha","2046","A","Official value",""
"QCL","Crops and livestock products","356","India","5510","Production","0111","Wheat","1986","1986","t","47051808","A","Official value",""
"QCL","Crops and livestock products","356","India","5312","Area harvested","0111","Wheat","1987","1987","ha","23131200","A","Official value",""
"QCL","Crops and livestock products","356","India","5412","Yield","0111","Wheat","1987","1987","kg/ha","1916.2","A","Official value",""
"QCL","Crops and livestock products","356","India","5510","Production","0111","Wheat","1987","1987","t","44322896","A","Official value",""
"QCL","Crops and livestock products","356","India","5312","Area harvested","0111","Wheat","1988","1988","ha","23062704","A","Official value",""
"QCL","Crops and livestock products","356","India","5412","Yield","0111","Wheat","1988","1988","kg/ha","2001.9","A","Official value",""
"QCL","Crops and livestock products","356","India","5510","Production","0111","Wheat","1988","1988","t","46169408","A","Official value",""
"QCL","Crops and livestock products","356","India","5312","Area harvested","0111","Wheat","1989","1989","ha","24109104","A","Official value",""
"QCL","Crops and livestock products","356","India","5412","Yield","0111","Wheat","1989","1989","kg/ha","2244.4","A","Official value",""
"QCL","Crops and livestock products","356","India","5510","Production","0111","Wheat","1989","1989","t","54110208","A","Official value",""
"QCL","Crops and livestock products","356","India","5312","Area harvested","0111","Wheat","1990","1990","ha","23501904","A","Official value",""
"QCL","Crops and livestock products","356","India","5412","Yield","0111","Wheat","1990","1990","kg/ha","2121.1","A","Official value",""
"QCL","Crops and livestock products","356","India","5510","Production","0111","Wheat","1990","1990","t","49849504","A","Official value",""
"QCL","Crops and livestock products","356","India","5312","Area harvested","0111","Wheat","1991","1991","ha","24167104","A","Official value",""
"QCL","Crops and livestock products","356","India","5412","Yield","0111","Wheat","1991","1991","kg/ha","2281.4","A","Official value",""
"QCL","Crops and livestock products","356","India","5510","Production","0111","Wheat","1991","1991","t","55134496","A","Official value",""
"QCL","Crops and livestock products","356","India","5312","Area harvested","0111","Wheat","1992","1992","ha","23261904","A","Official value",""
"QCL","Crops and livestock products","356","India","5412","Yield","0111","Wheat","1992","1992","kg/ha","2394","A","Official value",""
"QCL","Crops and livestock products","356","India","5510","Production","0111","Wheat","1992","1992","t","55689504","A","Official value",""
"QCL","Crops and livestock products","356","India","5312","Area harvested","0111","Wheat","1993","1993","ha","24588900","A","Official value",""
"QCL","Crops and livestock products","356","India","5412","Yield","0111","Wheat","1993","1993","kg/ha","2326.7","A","Official value",""
"QCL","Crops and livestock products","356","India","5510","Production","0111","Wheat","1993","1993","t","57210100","A","Official value",""
"QCL","Crops and livestock products","356","India","5312","Area harvested","0111","Wheat","1994","1994","ha","25147300","A","Official value",""
"QCL","Crops and livestock products","356","India","5412","Yield","0111","Wheat","1994","1994","kg/ha","2379.6","A","Official value",""
"QCL","Crops and livestock products","356","India","5510","Production","0111","Wheat","1994","1994","t","59840000","A","Official value",""
"QCL","Crops and livestock products","356","India","5312","Area harvested","0111","Wheat","1995","1995","ha","25700000","A","Official value",""
"QCL","Crops and livestock products","356","India","5412","Yield","0111","Wheat","1995","1995","kg/ha","2559","A","Official value",""
"QCL","Crops and livestock products","356","India","5510","Production","0111","Wheat","1995","1995","t","65767400","A","Official value",""
"QCL","Crops and livestock products","356","India","5312","Area harvested","0111","Wheat","1996","1996","ha","25011000","A","Official value",""
"QCL","Crops and livestock products","356","India","5412","Yield","0111","Wheat","1996","1996","kg/ha","2482.8","A","Official value",""
"QCL","Crops and livestock products","356","India","5510","Production","0111","Wheat","1996","1996","t","62097400","A","Official value",""
"QCL","Crops and livestock products","356","India","5312","Area harvested","0111","Wheat","1997","1997","ha","25887100","A","Official value",""
"QCL","Crops and livestock products","356","India","5412","Yield","0111","Wheat","1997","1997","kg/ha","2678.9","A","Official value",""
"QCL","Crops and livestock products","356","India","5510","Production","0111","Wheat","1997","1997","t","69350200","A","Official value",""
"QCL","Crops and livestock products","356","India","5312","Area harvested","0111","Wheat","1998","1998","ha","26696100","A","Official value",""
"QCL","Crops and livestock products","356","India","5412","Yield","0111","Wheat","1998","1998","kg/ha","2485.2","A","Official value",""
"QCL","Crops and livestock products","356","India","5510","Production","0111","Wheat","1998","1998","t","66345000","A","Official value",""
"QCL","Crops and livestock products","356","India","5312","Area harvested","0111","Wheat","1999","1999","ha","27523300","A","Official value",""
"QCL","Crops and livestock products","356","India","5412","Yield","0111","Wheat","1999","1999","kg/ha","2590.1","A","Official value",""
"QCL","Crops and livestock products","356","India","5510","Production","0111","Wheat","1999","1999","t","71287504","A","Official value",""
"QCL","Crops and livestock products","356","India","5312","Area harvested","0111","Wheat","2000","2000","ha","27486000","A","Official value",""
"QCL","Crops and livestock products","356","India","5412","Yield","0111","Wheat","2000","2000","kg/ha","2778.5","A","Official value",""
"QCL","Crops and livestock products","356","India","5510","Production","0111","Wheat","2000","2000","t","76368896","A","Official value",""
"QCL","Crops and livestock products","356","India","5312","Area harvested","0111","Wheat","2001","2001","ha","25730600","A","Official value",""
"QCL","Crops and livestock products","356","India","5412","Yield","0111","Wheat","2001","2001","kg/ha","2708.1","A","Official value",""
"QCL","Crops and livestock products","356","India","5510","Production","0111","Wheat","2001","2001","t","69680896","A","Official value",""
"QCL","Crops and livestock products","356","India","5312","Area harvested","0111","Wheat","2002","2002","ha","26344700","A","Official value",""
"QCL","Crops and livestock products","356","India","5412","Yield","0111","Wheat","2002","2002","kg/ha","2762.1","A","Official value",""
"QCL","Crops and livestock products","356","India","5510","Production","0111","Wheat","2002","2002","t","72766304","A","Official value",""
"QCL","Crops and livestock products","356","India","5312","Area harvested","0111","Wheat","2003","2003","ha","25195700","A","Official value",""
"QCL","Crops and livestock products","356","India","5412","Yield","0111","Wheat","2003","2003","kg/ha","2610","A","Official value",""
"QCL","Crops and livestock products","356","India","5510","Production","0111","Wheat","2003","2003","t","65760800","A","Official value",""
"QCL","Crops and livestock products","356","India","5312","Area harvested","0111","Wheat","2004","2004","ha","26594700","A","Official value",""
"QCL","Crops and livestock products","356","India","5412","Yield","0111","Wheat","2004","2004","kg/ha","2713.2","A","Official value",""
"QCL","Crops and livestock products","356","India","5510","Production","0111","Wheat","2004","2004","t","72156200","A","Official value",""
"QCL","Crops and livestock products","356","India","5312","Area harvested","0111","Wheat","2005","2005","ha","26382900","A","Official value",""
"QCL","Crops and livestock products","356","India","5412","Yield","0111","Wheat","2005","2005","kg/ha","2601.6","A","Official value",""
"QCL","Crops and livestock products","356","India","5510","Production","0111","Wheat","2005","2005","t","68636896","A","Official value",""
"QCL","Crops and livestock products","356","India","5312","Area harvested","0111","Wheat","2006","2006","ha","26483600","A","Official value",""
"QCL","Crops and livestock products","356","India","5412","Yield","0111","Wheat","2006","2006","kg/ha","2618.8","A","Official value",""
"QCL","Crops and livestock products","356","India","5510","Production","0111","Wheat","2006","2006","t","69354496","A","Official value",""
"QCL","Crops and livestock products","356","India","5312","Area harvested","0111","Wheat","2007","2007","ha","27994500","A","Official value",""
"QCL","Crops and livestock products","356","India","5412","Yield","0111","Wheat","2007","2007","kg/ha","2707.9","A","Official value",""
"QCL","Crops and livestock products","356","India","5510","Production","0111","Wheat","2007","2007","t","75806704","A","Official value",""
"QCL","Crops and livestock products","356","India","5312","Area harvested","0111","Wheat","2008","2008","ha","28038600","A","Official value",""
"QCL","Crops and livestock products","356","India","5412","Yield","0111","Wheat","2008","2008","kg/ha","2802.2","A","Official value",""
"QCL","Crops and livestock products","356","India","5510","Production","0111","Wheat","2008","2008","t","78570200","A","Official value",""
"QCL","Crops and livestock products","356","India","5312","Area harvested","0111","Wheat","2009","2009","ha","27752400","A","Official value",""
"QCL","Crops and livestock products","356","India","5412","Yield","0111","Wheat","2009","2009","kg/ha","2907.1","A","Official value",""
"QCL","Crops and livestock products","356","India","5510","Production","0111","Wheat","2009","2009","t","80679400","A","Official value",""
"QCL","Crops and livestock products","356","India","5312","Area harvested","0111","Wheat","2010","2010","ha","28457400","A","Official value",""
"QCL","Crops and livestock products","356","India","5412","Yield","0111","Wheat","2010","2010","kg/ha","2839.5","A","Official value",""
"QCL","Crops and livestock products","356","India","5510","Production","0111","Wheat","2010","2010","t","80803600","A","Official value",""
"QCL","Crops and livestock products","356","India","5312","Area harvested","0111","Wheat","2011","2011","ha","29068600","A","Official value",""
"QCL","Crops and livestock products","356","India","5412","Yield","0111","Wheat","2011","2011","kg/ha","2988.6","A","Official value",""
"QCL","Crops and livestock products","356","India","5510","Production","0111","Wheat","2011","2011","t","86874000","A","Official value",""
"QCL","Crops and livestock products","356","India","5312","Area harvested","0111","Wheat","2012","2012","ha","29860000","A","Official value",""
"QCL","Crops and livestock products","356","India","5412","Yield","0111","Wheat","2012","2012","kg/ha","3177.5","A","Official value",""
"QCL","Crops and livestock products","356","India","5510","Production","0111","Wheat","2012","2012","t","94880000","A","Official value",""
"QCL","Crops and livestock products","356","India","5312","Area harvested","0111","Wheat","2013","2013","ha","29650000","A","Official value",""
"QCL","Crops and livestock products","356","India","5412","Yield","0111","Wheat","2013","2013","kg/ha","3153.8","A","Official value",""
"QCL","Crops and livestock products","356","India","5510","Production","0111","Wheat","2013","2013","t","93510000","A","Official value",""
"QCL","Crops and livestock products","356","India","5312","Area harvested","0111","Wheat","2014","2014","ha","30470000","A","Official value",""
"QCL","Crops and livestock products","356","India","5412","Yield","0111","Wheat","2014","2014","kg/ha","3145.7","A","Official value",""
"QCL","Crops and livestock products","356","India","5510","Production","0111","Wheat","2014","2014","t","95850000","A","Official value",""
"QCL","Crops and livestock products","356","India","5312","Area harvested","0111","Wheat","2015","2015","ha","31470000","A","Official value",""
"QCL","Crops and livestock products","356","India","5412","Yield","0111","Wheat","2015","2015","kg/ha","2749.6","A","Official value",""
"QCL","Crops and livestock products","356","India","5510","Production","0111","Wheat","2015","2015","t","86530000","A","Official value",""
"QCL","Crops and livestock products","356","India","5312","Area harvested","0111","Wheat","2016","2016","ha","30420000","A","Official value",""
"QCL","Crops and livestock products","356","India","5412","Yield","0111","Wheat","2016","2016","kg/ha","3033.9","A","Official value",""
"QCL","Crops and livestock products","356","India","5510","Production","0111","Wheat","2016","2016","t","92290000","A","Official value",""
"QCL","Crops and livestock products","356","India","5312","Area harvested","0111","Wheat","2017","2017","ha","30785230","A","Official value",""
"QCL","Crops and livestock products","356","India","5412","Yield","0111","Wheat","2017","2017","kg/ha","3199.9","A","Official value",""
"QCL","Crops and livestock products","356","India","5510","Production","0111","Wheat","2017","2017","t","98510220","A","Official value",""
"QCL","Crops and livestock products","356","India","5312","Area harvested","0111","Wheat","2018","2018","ha","29650590","A","Official value",""
"QCL","Crops and livestock products","356","India","5412","Yield","0111","Wheat","2018","2018","kg/ha","3368.2","A","Official value",""
"QCL","Crops and livestock products","356","India","5510","Production","0111","Wheat","2018","2018","t","99869520","A","Official value",""
"QCL","Crops and livestock products","356","India","5312","Area harvested","0111","Wheat","2019","2019","ha","29318780","A","Official value",""
"QCL","Crops and livestock products","356","India","5412","Yield","0111","Wheat","2019","2019","kg/ha","3533.4","A","Official value",""
"QCL","Crops and livestock products","356","India","5510","Production","0111","Wheat","2019","2019","t","103596230","A","Official value",""
"QCL","Crops and livestock products","356","India","5312","Area harvested","0111","Wheat","2020","2020","ha","31357020","A","Official value",""
"QCL","Crops and livestock products","356","India","5412","Yield","0111","Wheat","2020","2020","kg/ha","3439.8","A","Official value",""
"QCL","Crops and livestock products","356","India","5510","Production","0111","Wheat","2020","2020","t","107860510","A","Official value",""
"QCL","Crops and livestock products","356","India","5312","Area harvested","0111","Wheat","2021","2021","ha","31125160","A","Official value",""
"QCL","Crops and livestock products","356","India","5412","Yield","0111","Wheat","2021","2021","kg/ha","3520.8","A","Official value",""
"QCL","Crops and livestock products","356","India","5510","Production","0111","Wheat","2021","2021","t","109586500","A","Official value",""
"QCL","Crops and livestock products","356","India","5312","Area harvested","0111","Wheat","2022","2022","ha","30458530","A","Official value",""
"QCL","Crops and livestock products","356","India","5412","Yield","0111","Wheat","2022","2022","kg/ha","3537.3","A","Official value",""
"QCL","Crops and livestock products","356","India","5510","Production","0111","Wheat","2022","2022","t","107742070","A","Official value",""
"QCL","Crops and livestock products","356","India","5312","Area harvested","0111","Wheat","2023","2023","ha","31400716","A","Official value",""
"QCL","Crops and livestock products","356","India","5412","Yield","0111","Wheat","2023","2023","kg/ha","3520.7","A","Official value",""
"QCL","Crops and livestock products","356","India","5510","Production","0111","Wheat","2023","2023","t","110553675.31","A","Official value",""
"QCL","Crops and livestock products","356","India","5312","Area harvested","0111","Wheat","2024","2024","ha","31832884","A","Official value",""
"QCL","Crops and livestock products","356","India","5412","Yield","0111","Wheat","2024","2024","kg/ha","3559","A","Official value",""
"QCL","Crops and livestock products","356","India","5510","Production","0111","Wheat","2024","2024","t","113292368","A","Official value",""
